Afrojack,搭档,合作,Pitbull
Afrojack,搭档,合作,大卫·库塔
aFocus,合作伙伴,合作,海尔
aFocus,合作伙伴,合作,ygyu
aFocus,合作伙伴,合作,联想
Achilles,父母,父母,国王佩琉斯
Achilles,父母,父母,yfy
aaron milo,偶像,偶像,布兰妮·简
Afrojack,搭档,合作,Pitbull
Afrojack,搭档,合作,大卫·库塔
aFocus,合作伙伴,合作,海尔
aFocus,合作伙伴,合作,ygyu
aFocus,合作伙伴,合作,联想
Achilles,父母,父母,国王佩琉斯
Achilles,父母,父母,yfy
aaron milo,偶像,偶像,布兰妮·简
EE Bond,学生,学生,迷糊老师
EE Bond,学生,学生,阿托士
Edgar Barrier,妻子,妻子,Ernestine Barrier
Edgar Barrier,子女,子女,Michael Barrier
Eddy Kim,恋人,情人,朴素珍
E·A·罗伯特·塞西尔,配偶,情人,埃莉诺·莱姆顿贵女
E.L.多克特罗,配偶,情人,海伦·亨斯莉
dream girls[华语女子演唱组合],队友,合作,李毓芬
DQ冰淇淋,鼻祖,祖先,McCullough
Dorota Fórmanowska,合作人,合作,导演Patryk Vega
Doris Fisher,配偶,情人,Donald Fisher
DOR,女好友,朋友,Mingta
Donna Hanover,合作人,合作,西德尼·吕美特
Don Gallagher,合作人,合作,Lesley Nicol
Don Brockett,合作人,合作,兰道·米勒
Dolan Twins,弟弟,弟弟,Grayson Dolan
Dolan Twins,哥哥,哥哥,Ethan Dolan